{
    "epoch": 6,
    "train_loss": 0.08012746558816117,
    "val_loss": 0.5107476760317186,
    "accuracy": 0.8449446924121871,
    "primary_metric": "macro_f2",
    "macro_f1": 0.8259251270963412,
    "macro_f2": 0.8117793220911996,
    "per_class_f1": {
        "0": 0.9108192620387743,
        "1": 0.737161789066814,
        "2": 0.8297943301834353
    },
    "per_class_f2": {
        "0": 0.9026228370271209,
        "1": 0.643932085664673,
        "2": 0.8887830435818053
    },
    "confusion_matrix": [
        [
            3641,
            16,
            401
        ],
        [
            51,
            1335,
            862
        ],
        [
            245,
            23,
            3732
        ]
    ],
    "samples": 10306,
    "skipped_train_batches": 0,
    "skipped_val_batches": 0
}