{
    "epoch": 15,
    "train_loss": 0.023985783973955604,
    "val_loss": 0.8189946275268852,
    "accuracy": 0.8586260430817,
    "primary_metric": "macro_f2",
    "macro_f1": 0.8459623650333432,
    "macro_f2": 0.8330418975049027,
    "per_class_f1": {
        "0": 0.9139318885448916,
        "1": 0.7845333333333333,
        "2": 0.839421873221805
    },
    "per_class_f2": {
        "0": 0.9111561064743939,
        "1": 0.7008766914427292,
        "2": 0.887092894597585
    },
    "confusion_matrix": [
        [
            3690,
            16,
            352
        ],
        [
            30,
            1471,
            747
        ],
        [
            297,
            15,
            3688
        ]
    ],
    "samples": 10306,
    "skipped_train_batches": 0,
    "skipped_val_batches": 0
}