{
    "epoch": 3,
    "train_loss": 0.19678428037986595,
    "val_loss": 0.43526084108906027,
    "accuracy": 0.8177760527847856,
    "primary_metric": "macro_f2",
    "macro_f1": 0.7821003680049206,
    "macro_f2": 0.7681506652735816,
    "per_class_f1": {
        "0": 0.9117003162247629,
        "1": 0.6343796711509716,
        "2": 0.8002211166390271
    },
    "per_class_f2": {
        "0": 0.9188076093351636,
        "1": 0.5258202002180592,
        "2": 0.8598241862675221
    },
    "confusion_matrix": [
        [
            3748,
            16,
            294
        ],
        [
            55,
            1061,
            1132
        ],
        [
            361,
            20,
            3619
        ]
    ],
    "samples": 10306,
    "skipped_train_batches": 0,
    "skipped_val_batches": 0
}