,precision,recall,f1-score,support
normal,0.9000960614793467,0.9236076885165106,0.9117003162247629,4058.0
sexy,0.96718322698268,0.4719750889679715,0.6343796711509716,2248.0
nude,0.7173439048562934,0.90475,0.8002211166390271,4000.0
accuracy,0.8177760527847856,0.8177760527847856,0.8177760527847856,0.8177760527847856
macro avg,0.86154106443944,0.7667775924948274,0.7821003680049206,10306.0
weighted avg,0.843799081230878,0.8177760527847856,0.8079419610463401,10306.0
