{
    "epoch": 8,
    "train_loss": 0.05159081905475787,
    "val_loss": 0.5839836161541009,
    "accuracy": 0.8562002716863962,
    "primary_metric": "macro_f2",
    "macro_f1": 0.8424936642709264,
    "macro_f2": 0.8295090835203914,
    "per_class_f1": {
        "0": 0.9136352388022767,
        "1": 0.7766470273165507,
        "2": 0.8371987266939518
    },
    "per_class_f2": {
        "0": 0.9113349131121642,
        "1": 0.6919259400648978,
        "2": 0.8852663973841123
    },
    "confusion_matrix": [
        [
            3692,
            17,
            349
        ],
        [
            33,
            1450,
            765
        ],
        [
            299,
            19,
            3682
        ]
    ],
    "samples": 10306,
    "skipped_train_batches": 0,
    "skipped_val_batches": 0
}