{
    "epoch": 11,
    "train_loss": 0.03480712689212672,
    "val_loss": 0.5974124878089728,
    "accuracy": 0.859305259072385,
    "primary_metric": "macro_f2",
    "macro_f1": 0.8450359943954157,
    "macro_f2": 0.832565106319001,
    "per_class_f1": {
        "0": 0.919454770755886,
        "1": 0.7759446514103246,
        "2": 0.8397085610200364
    },
    "per_class_f2": {
        "0": 0.9163208852005533,
        "1": 0.6941534945724623,
        "2": 0.8872209391839878
    },
    "confusion_matrix": [
        [
            3710,
            17,
            331
        ],
        [
            25,
            1458,
            765
        ],
        [
            277,
            35,
            3688
        ]
    ],
    "samples": 10306,
    "skipped_train_batches": 0,
    "skipped_val_batches": 0
}