,precision,recall,f1-score,support
normal,0.9227857683573051,0.9011828486939379,0.9118563770103478,4058.0
sexy,0.9652777777777778,0.7419928825622776,0.8390342052313883,2248.0
nude,0.8023835319609968,0.92575,0.8596633778293674,4000.0
accuracy,0.8759945662720745,0.8759945662720745,0.8759945662720745,0.8759945662720745
macro avg,0.8968156926986932,0.8563085770854051,0.8701846533570347,10306.0
weighted avg,0.8853234252166092,0.8759945662720745,0.875714688781838,10306.0
