{
    "epoch": 14,
    "train_loss": 0.026007223406713544,
    "val_loss": 0.6099530479733559,
    "accuracy": 0.8751212885697652,
    "primary_metric": "macro_f2",
    "macro_f1": 0.8668609614133461,
    "macro_f2": 0.8564295717047945,
    "per_class_f1": {
        "0": 0.9168849726125268,
        "1": 0.8292682926829268,
        "2": 0.8544296189445847
    },
    "per_class_f2": {
        "0": 0.9357378961695508,
        "1": 0.7589999060062036,
        "2": 0.874550912938629
    },
    "confusion_matrix": [
        [
            3850,
            13,
            195
        ],
        [
            63,
            1615,
            570
        ],
        [
            427,
            19,
            3554
        ]
    ],
    "samples": 10306,
    "skipped_train_batches": 0,
    "skipped_val_batches": 0
}