{
    "epoch": 13,
    "train_loss": 0.028386632084016164,
    "val_loss": 0.6428918458178694,
    "accuracy": 0.8608577527653793,
    "primary_metric": "macro_f2",
    "macro_f1": 0.8476661833678686,
    "macro_f2": 0.8351273691333705,
    "per_class_f1": {
        "0": 0.9162549407114624,
        "1": 0.7841573631047315,
        "2": 0.8425862462874115
    },
    "per_class_f2": {
        "0": 0.9148988653182042,
        "1": 0.7019798210546353,
        "2": 0.8885034210272719
    },
    "confusion_matrix": [
        [
            3709,
            14,
            335
        ],
        [
            42,
            1475,
            731
        ],
        [
            287,
            25,
            3688
        ]
    ],
    "samples": 10306,
    "skipped_train_batches": 0,
    "skipped_val_batches": 0
}