,precision,recall,f1-score,support
normal,0.9240030097817908,0.9078363725973386,0.9158483530142946,4058.0
sexy,0.9626436781609196,0.5960854092526691,0.7362637362637363,2248.0
nude,0.7550233407753196,0.93,0.8334266830962249,4000.0
accuracy,0.8484378032214244,0.8484378032214244,0.8484378032214244,0.8484378032214244
macro avg,0.8805566762393434,0.8113072606166692,0.8285129241247521,10306.0
weighted avg,0.8668465520377968,0.8484378032214244,0.8446866124624282,10306.0
