,precision,recall,f1-score,support
normal,0.8644935972060536,0.9149827501232134,0.8890219082964205,4058.0
sexy,0.9641148325358851,0.17927046263345195,0.3023255813953488,2248.0
nude,0.6338279992848204,0.88625,0.7390805795892839,4000.0
accuracy,0.7433533863768679,0.7433533863768679,0.7433533863768679,0.7433533863768679
macro avg,0.8208121430089198,0.6601677375855551,0.6434760230936843,10306.0
weighted avg,0.796696793920252,0.7433533863768679,0.7028528167281927,10306.0
