,precision,recall,f1-score,support
normal,0.9185240217929668,0.9139970428782651,0.9162549407114624,4058.0
sexy,0.9742404227212682,0.6561387900355872,0.7841573631047315,2248.0
nude,0.7757677745056795,0.922,0.8425862462874115,4000.0
accuracy,0.8608577527653793,0.8608577527653793,0.8608577527653793,0.8608577527653793
macro avg,0.8895107396733047,0.8307119443046175,0.8476661833678686,10306.0
weighted avg,0.8752701386314756,0.8608577527653793,0.8588485626640983,10306.0
