{
    "epoch": 9,
    "train_loss": 0.04400960990505489,
    "val_loss": 0.47947722058992653,
    "accuracy": 0.8823015718998641,
    "primary_metric": "macro_f2",
    "macro_f1": 0.87839166184111,
    "macro_f2": 0.8700079218073976,
    "per_class_f1": {
        "0": 0.912681654452863,
        "1": 0.8567901234567902,
        "2": 0.8657032076136765
    },
    "per_class_f2": {
        "0": 0.9082818294190357,
        "1": 0.8036872336483231,
        "2": 0.898054702354834
    },
    "confusion_matrix": [
        [
            3674,
            29,
            355
        ],
        [
            41,
            1735,
            472
        ],
        [
            278,
            38,
            3684
        ]
    ],
    "samples": 10306,
    "skipped_train_batches": 0,
    "skipped_val_batches": 0
}