{
    "epoch": 1,
    "train_loss": 0.40007145508547654,
    "val_loss": 0.6634369743187266,
    "accuracy": 0.7433533863768679,
    "primary_metric": "macro_f2",
    "macro_f1": 0.6434760230936843,
    "macro_f2": 0.6464734482057685,
    "per_class_f1": {
        "0": 0.8890219082964205,
        "1": 0.3023255813953488,
        "2": 0.7390805795892839
    },
    "per_class_f2": {
        "0": 0.9044185706630292,
        "1": 0.21413390010626993,
        "2": 0.8208678738480063
    },
    "confusion_matrix": [
        [
            3713,
            11,
            334
        ],
        [
            131,
            403,
            1714
        ],
        [
            451,
            4,
            3545
        ]
    ],
    "samples": 10306,
    "skipped_train_batches": 0,
    "skipped_val_batches": 0
}