,precision,recall,f1-score,support
normal,0.9400110071546505,0.8417939871858058,0.8881955278211129,4058.0
sexy,0.8981481481481481,0.5609430604982206,0.6905805038335159,2248.0
nude,0.7116552771450265,0.93725,0.8090202848511006,4000.0
accuracy,0.8175819910731613,0.8175819910731613,0.8175819910731613,0.8175819910731613
macro avg,0.849938144149275,0.7799956825613421,0.7959321055019096,10306.0
weighted avg,0.8422494481516315,0.8175819910731613,0.814360912470427,10306.0
