{
    "epoch": 2,
    "train_loss": 0.2429686641096954,
    "val_loss": 0.4542629881643587,
    "accuracy": 0.8175819910731613,
    "primary_metric": "macro_f2",
    "macro_f1": 0.7959321055019096,
    "macro_f2": 0.7825382437837863,
    "per_class_f1": {
        "0": 0.8881955278211129,
        "1": 0.6905805038335159,
        "2": 0.8090202848511006
    },
    "per_class_f2": {
        "0": 0.8597603946441157,
        "1": 0.606483262793382,
        "2": 0.8813710739138612
    },
    "confusion_matrix": [
        [
            3416,
            76,
            566
        ],
        [
            34,
            1261,
            953
        ],
        [
            184,
            67,
            3749
        ]
    ],
    "samples": 10306,
    "skipped_train_batches": 0,
    "skipped_val_batches": 0
}