{
    "epoch": 4,
    "train_loss": 0.15359698835637567,
    "val_loss": 0.41704675652970163,
    "accuracy": 0.8484378032214244,
    "primary_metric": "macro_f2",
    "macro_f1": 0.8285129241247521,
    "macro_f2": 0.8150172140777953,
    "per_class_f1": {
        "0": 0.9158483530142946,
        "1": 0.7362637362637363,
        "2": 0.8334266830962249
    },
    "per_class_f2": {
        "0": 0.9110242840892229,
        "1": 0.6452234206471495,
        "2": 0.8888039374970134
    },
    "confusion_matrix": [
        [
            3684,
            26,
            348
        ],
        [
            49,
            1340,
            859
        ],
        [
            254,
            26,
            3720
        ]
    ],
    "samples": 10306,
    "skipped_train_batches": 0,
    "skipped_val_batches": 0
}