,precision,recall,f1-score,support
normal,0.9201101928374655,0.905372104484968,0.912681654452863,4058.0
sexy,0.962819089900111,0.771797153024911,0.8567901234567902,2248.0
nude,0.8166703613389492,0.921,0.8657032076136765,4000.0
accuracy,0.8823015718998641,0.8823015718998641,0.8823015718998641,0.8823015718998641
macro avg,0.8998665480255085,0.8660564191699596,0.87839166184111,10306.0
weighted avg,0.8892786650480964,0.8823015718998641,0.8822568583112059,10306.0
