,precision,recall,f1-score,support
normal,0.9115629593336599,0.9169541646131099,0.9142506142506143,4058.0
sexy,0.9720416124837451,0.6650355871886121,0.7897517168515584,2248.0
nude,0.7833973538198891,0.91775,0.8452682477550081,4000.0
accuracy,0.8623132156025616,0.8623132156025616,0.8623132156025616,0.8623132156025616
macro avg,0.889000641879098,0.8332465839339073,0.8497568596190602,10306.0
weighted avg,0.8750108140033968,0.8623132156025616,0.8603205747265019,10306.0
