,precision,recall,f1-score,support
normal,0.9247258225324028,0.9142434696895022,0.919454770755886,4058.0
sexy,0.9655629139072848,0.6485765124555161,0.7759446514103246,2248.0
nude,0.7709030100334449,0.922,0.8397085610200364,4000.0
accuracy,0.859305259072385,0.859305259072385,0.859305259072385,0.859305259072385
macro avg,0.8870639154910441,0.8282733273816728,0.8450359943954157,10306.0
weighted avg,0.8739311913869442,0.859305259072385,0.8572002018414459,10306.0
