,precision,recall,f1-score,support
normal,0.935717988595127,0.8896007885657959,0.9120768064679131,4058.0
sexy,0.9749322493224932,0.6401245551601423,0.7728249194414608,2248.0
nude,0.7584473049074819,0.94275,0.840615247436469,4000.0
accuracy,0.8558121482631477,0.8558121482631477,0.8558121482631477,0.8558121482631477
macro avg,0.8896991809417006,0.8241584479086462,0.8418389911152809,10306.0
weighted avg,0.8754687088905413,0.8558121482631477,0.853966533019316,10306.0
