,precision,recall,f1-score,support
normal,0.9185959671396564,0.909314933464761,0.9139318885448916,4058.0
sexy,0.9793608521970706,0.6543594306049823,0.7845333333333333,2248.0
nude,0.7704198871944851,0.922,0.839421873221805,4000.0
accuracy,0.8586260430817,0.8586260430817,0.8586260430817,0.8586260430817
macro avg,0.8894589021770707,0.828558121356581,0.8459623650333432,10306.0
weighted avg,0.8743397224111858,0.8586260430817,0.8567876993921719,10306.0
