,precision,recall,f1-score,support
normal,0.9248158496316993,0.8972400197141449,0.9108192620387743,4058.0
sexy,0.9716157205240175,0.5938612099644128,0.737161789066814,2248.0
nude,0.7471471471471471,0.933,0.8297943301834353,4000.0
accuracy,0.8449446924121871,0.8449446924121871,0.8449446924121871,0.8449446924121871
macro avg,0.8811929057676213,0.8080337432261859,0.8259251270963412,10306.0
weighted avg,0.8660667034865143,0.8449446924121871,0.8414924886385876,10306.0
