,precision,recall,f1-score,support
normal,0.8870967741935484,0.948743223262691,0.9168849726125268,4058.0
sexy,0.9805707346690953,0.7184163701067615,0.8292682926829268,2248.0
nude,0.822875665663348,0.8885,0.8544296189445847,4000.0
accuracy,0.8751212885697652,0.8751212885697652,0.8751212885697652,0.8751212885697652
macro avg,0.8968477248419973,0.8518865311231508,0.8668609614133461,10306.0
weighted avg,0.8825600993466853,0.8751212885697652,0.873533166756374,10306.0
