,precision,recall,f1-score,support
normal,0.9174950298210736,0.9098077870872351,0.9136352388022767,4058.0
sexy,0.9757738896366084,0.645017793594306,0.7766470273165507,2248.0
nude,0.7677231025854879,0.9205,0.8371987266939518,4000.0
accuracy,0.8562002716863962,0.8562002716863962,0.8562002716863962,0.8562002716863962
macro avg,0.8869973406810566,0.8251085268938471,0.8424936642709264,10306.0
weighted avg,0.8720771342188011,0.8562002716863962,0.8540878345859744,10306.0
