,precision,recall,f1-score,support
normal,0.9191743347426014,0.9107934943321834,0.9149647233568511,4058.0
sexy,0.9772727272727273,0.6886120996441281,0.8079331941544885,2248.0
nude,0.784513933205701,0.922,0.8477186530283876,4000.0
accuracy,0.8666796041141083,0.8666796041141083,0.8666796041141083,0.8666796041141083
macro avg,0.8936536650736766,0.8404685313254371,0.8568721901799089,10306.0
weighted avg,0.8795822117327159,0.8666796041141083,0.8655186570885836,10306.0
