{
    "epoch": 5,
    "train_loss": 0.11106274920298193,
    "val_loss": 0.446759648862543,
    "accuracy": 0.8558121482631477,
    "primary_metric": "macro_f2",
    "macro_f1": 0.8418389911152809,
    "macro_f2": 0.8282818838776883,
    "per_class_f1": {
        "0": 0.9120768064679131,
        "1": 0.7728249194414608,
        "2": 0.840615247436469
    },
    "per_class_f2": {
        "0": 0.898456943753111,
        "1": 0.6873328238440963,
        "2": 0.8990558840358573
    },
    "confusion_matrix": [
        [
            3610,
            17,
            431
        ],
        [
            39,
            1439,
            770
        ],
        [
            209,
            20,
            3771
        ]
    ],
    "samples": 10306,
    "skipped_train_batches": 0,
    "skipped_val_batches": 0
}