{
    "epoch": 7,
    "train_loss": 0.06166885481480115,
    "val_loss": 0.5275724381237338,
    "accuracy": 0.8623132156025616,
    "primary_metric": "macro_f2",
    "macro_f1": 0.8497568596190602,
    "macro_f2": 0.8376874878477496,
    "per_class_f1": {
        "0": 0.9142506142506143,
        "1": 0.7897517168515584,
        "2": 0.8452682477550081
    },
    "per_class_f2": {
        "0": 0.9158708280003938,
        "1": 0.7098765432098765,
        "2": 0.8873150923329788
    },
    "confusion_matrix": [
        [
            3721,
            13,
            324
        ],
        [
            62,
            1495,
            691
        ],
        [
            299,
            30,
            3671
        ]
    ],
    "samples": 10306,
    "skipped_train_batches": 0,
    "skipped_val_batches": 0
}