{
    "epoch": 10,
    "train_loss": 0.0386475858634889,
    "val_loss": 0.5528584945210983,
    "accuracy": 0.8759945662720745,
    "primary_metric": "macro_f2",
    "macro_f1": 0.8701846533570347,
    "macro_f2": 0.8605132122207668,
    "per_class_f1": {
        "0": 0.9118563770103478,
        "1": 0.8390342052313883,
        "2": 0.8596633778293674
    },
    "per_class_f2": {
        "0": 0.9054221341916316,
        "1": 0.7779850746268657,
        "2": 0.8981324278438029
    },
    "confusion_matrix": [
        [
            3657,
            26,
            375
        ],
        [
            43,
            1668,
            537
        ],
        [
            263,
            34,
            3703
        ]
    ],
    "samples": 10306,
    "skipped_train_batches": 0,
    "skipped_val_batches": 0
}