{
    "epoch": 12,
    "train_loss": 0.030703111812195646,
    "val_loss": 0.6970421816006392,
    "accuracy": 0.8666796041141083,
    "primary_metric": "macro_f2",
    "macro_f1": 0.8568721901799089,
    "macro_f2": 0.845027108447236,
    "per_class_f1": {
        "0": 0.9149647233568511,
        "1": 0.8079331941544885,
        "2": 0.8477186530283876
    },
    "per_class_f2": {
        "0": 0.9124574137164865,
        "1": 0.7318456883509834,
        "2": 0.8907782232742381
    },
    "confusion_matrix": [
        [
            3696,
            15,
            347
        ],
        [
            34,
            1548,
            666
        ],
        [
            291,
            21,
            3688
        ]
    ],
    "samples": 10306,
    "skipped_train_batches": 0,
    "skipped_val_batches": 0
}