epoch,train_loss,val_loss,val_accuracy,val_macro_f1,val_macro_f2,val_confusion_matrix,skipped_train_batches,skipped_val_batches
1,0.07044874296878323,0.486602872311881,0.8849214050067922,0.8825236636968216,0.8776299853053283,"[[3770, 40, 248], [39, 1838, 371], [393, 95, 3512]]",0,0
2,0.06377896564488175,0.36286616375405606,0.8849214050067922,0.8821893513274195,0.8775269444393721,"[[3764, 35, 259], [32, 1838, 378], [370, 112, 3518]]",0,0
3,0.055469842213170084,0.44578177410228675,0.8861828061323501,0.8824166375141688,0.8777514252870692,"[[3765, 51, 242], [56, 1825, 367], [353, 104, 3543]]",0,0
4,0.04719146829472268,0.5071654450760129,0.8819134484766156,0.8776408409678497,0.8707252144683952,"[[3661, 33, 364], [29, 1760, 459], [247, 85, 3668]]",0,0
5,0.037955040055628,0.5541092115941002,0.8807490782068698,0.8755800712959291,0.8672278962816086,"[[3728, 20, 310], [37, 1713, 498], [307, 57, 3636]]",0,0
6,0.030594197877396364,0.5711526508263589,0.8808461090626819,0.8750365112584971,0.8671697492675788,"[[3807, 24, 227], [57, 1714, 477], [382, 61, 3557]]",0,0
7,0.02422594441259508,0.63621817806068,0.8787114302348147,0.8719778391775622,0.8626044838797061,"[[3748, 17, 293], [36, 1665, 547], [312, 45, 3643]]",0,0
8,0.017756732745166162,0.5813802555611897,0.8849214050067922,0.881084255211192,0.8745921201168118,"[[3780, 28, 250], [38, 1781, 429], [365, 76, 3559]]",0,0
