epoch,train_loss,val_mae,val_macro_f1,best_t1,best_t2,class0_precision,class0_recall,class0_f1,class1_precision,class1_recall,class1_f1,class2_precision,class2_recall,class2_f1,score_mean_true0,score_mean_true1,score_mean_true2,score_std,confusion_matrix
1,0.3299962082572241,0.715683102607727,0.4275110657133128,0.6,1.6,0.0,0.0,0.0,0.0,0.0,0.0,0.0,0.0,0.0,0.5251894593238831,0.9323300123214722,0.9888342618942261,0.7035877704620361,"[[36, 9, 4], [28, 15, 15], [19, 7, 15]]"
2,0.2920304263658824,0.6989662051200867,0.45534110373062625,0.6,1.6,0.0,0.0,0.0,0.0,0.0,0.0,0.0,0.0,0.0,0.6420642137527466,1.0788575410842896,1.0590869188308716,0.6627801656723022,"[[29, 15, 5], [20, 22, 16], [18, 6, 17]]"
3,0.3045680947030104,0.7520325779914856,0.37355695317959475,0.5,1.5,0.0,0.0,0.0,0.0,0.0,0.0,0.0,0.0,0.0,0.8671784400939941,1.3540318012237549,1.2956937551498413,0.6941013932228088,"[[20, 18, 11], [11, 14, 33], [10, 10, 21]]"
