epoch,train_loss,val_mae,val_macro_f1,best_t1,best_t2,class0_precision,class0_recall,class0_f1,class1_precision,class1_recall,class1_f1,class2_precision,class2_recall,class2_f1,score_mean_true0,score_mean_true1,score_mean_true2,score_std,confusion_matrix
1,0.5050090895887169,0.6215289235115051,0.2803418803418803,0.6,1.6,0.0,0.0,0.0,0.0,0.0,0.0,0.0,0.0,0.0,0.8841418027877808,1.0836101770401,1.1092312335968018,0.2527204751968384,"[[8, 41, 0], [2, 56, 0], [1, 40, 0]]"
2,0.4645107279172007,0.609265923500061,0.4513806641224723,0.45,1.35,0.0,0.0,0.0,0.0,0.0,0.0,0.0,0.0,0.0,0.5051660537719727,0.8717303276062012,0.9016129374504089,0.444807231426239,"[[26, 22, 1], [12, 43, 3], [9, 26, 6]]"
3,0.42555291501374864,0.6724156737327576,0.4520399141088796,0.45,1.35,0.0,0.0,0.0,0.0,0.0,0.0,0.0,0.0,0.0,0.7303370833396912,1.2856016159057617,1.3476940393447876,0.6717110276222229,"[[24, 17, 8], [9, 18, 31], [5, 12, 24]]"
4,0.4222014854390419,0.582796037197113,0.511420693433392,0.45,1.35,0.0,0.0,0.0,0.0,0.0,0.0,0.0,0.0,0.0,0.502445638179779,0.9097997546195984,0.9717890024185181,0.454222708940506,"[[27, 20, 2], [10, 44, 4], [7, 24, 10]]"
