{
  "best_epoch": 20,
  "best_macro_f1": 0.36971241100097724,
  "classification_report": {
    "Normal": {
      "precision": 0.3582089552238806,
      "recall": 0.4897959183673469,
      "f1-score": 0.41379310344827586,
      "support": 49.0
    },
    "Medium": {
      "precision": 0.3695652173913043,
      "recall": 0.29310344827586204,
      "f1-score": 0.3269230769230769,
      "support": 58.0
    },
    "Extreme": {
      "precision": 0.4,
      "recall": 0.34146341463414637,
      "f1-score": 0.3684210526315789,
      "support": 41.0
    },
    "accuracy": 0.3716216216216216,
    "macro avg": {
      "precision": 0.3759247242050616,
      "recall": 0.37478759375911846,
      "f1-score": 0.36971241100097724,
      "support": 148.0
    },
    "weighted avg": {
      "precision": 0.3742366311801744,
      "recall": 0.3716216216216216,
      "f1-score": 0.3671801600567481,
      "support": 148.0
    }
  },
  "classification_report_text": "              precision    recall  f1-score   support\n\n      Normal     0.3582    0.4898    0.4138        49\n      Medium     0.3696    0.2931    0.3269        58\n     Extreme     0.4000    0.3415    0.3684        41\n\n    accuracy                         0.3716       148\n   macro avg     0.3759    0.3748    0.3697       148\nweighted avg     0.3742    0.3716    0.3672       148\n",
  "confusion_matrix": [
    [
      24,
      14,
      11
    ],
    [
      31,
      17,
      10
    ],
    [
      12,
      15,
      14
    ]
  ],
  "checkpoint_path": "/media/hazem/6A47B344CD80864E/GP Implementation/Implimentation/checkpoints/temporal_dataset2_hardneg_backbone_best.pt",
  "backbone_checkpoint": "/media/hazem/6A47B344CD80864E/GP Implementation/Implimentation/checkpoints/convnext_sexynude_hardneg_best.pt",
  "seq_len": 16,
  "head_type": "attention",
  "roi_enabled": false,
  "class_weights": [
    0.7515842914581299,
    1.9932773113250732,
    0.9368088245391846
  ],
  "temporal_dropout_enabled": true,
  "temporal_dropout_prob": 0.5,
  "temporal_dropout_fraction": "T//6",
  "stage3_unfrozen": true,
  "optimizer_head_lr": 0.0003,
  "optimizer_encoder_lr": 5e-05,
  "label_smoothing": 0.1,
  "class1_weight_boost": 1.2,
  "train_class_counts": {
    "0": 263,
    "1": 119,
    "2": 211
  },
  "val_class_counts": {
    "0": 49,
    "1": 58,
    "2": 41
  },
  "dataset_path": "/media/hazem/6A47B344CD80864E/GP Implementation/Dataset/Dataset 2/censora_movies_tvshows_dataset",
  "batch_size": 2,
  "num_epochs_configured": 25,
  "patience": 10,
  "temporal_num_workers": 0
}